lat,lon,label,source,place,river,state,url
26.9238701,75.8231702,1,SANDRP,Dying,Ganga,Arunachal Pradesh,https://sandrp.in/whats-new/whats-new-2011/
27.7973645,77.428776,1,DownToEarth,the Kosi,Kosi,Uttarakhand,https://www.downtoearth.org.in/mining/illegal-sand-mining-runs-rampant-in-kosi-river-uttarakhand
29.3433143,79.1300368,1,DownToEarth,Kosi,Kosi,Uttarakhand,https://www.downtoearth.org.in/mining/illegal-sand-mining-runs-rampant-in-kosi-river-uttarakhand
24.9142734,84.1862208,1,DownToEarth,on Sone,Sone,Bihar,https://www.downtoearth.org.in/mining/illegal-sand-mining-20-arrested-40-big-boats-seized-in-bihar-police-operation-on-sone-river-93541
16.5163854,80.6562612,1,DownToEarth,from the,Sone,Bihar,https://www.downtoearth.org.in/mining/illegal-sand-mining-20-arrested-40-big-boats-seized-in-bihar-police-operation-on-sone-river-93541
25.5312002,85.1781037,1,DownToEarth,the state,Sone,Bihar,https://www.downtoearth.org.in/mining/illegal-sand-mining-20-arrested-40-big-boats-seized-in-bihar-police-operation-on-sone-river-93541
19.1046594,73.0063731,1,DownToEarth,sector and,,Kerala,https://www.downtoearth.org.in/mining/why-centres-decision-to-begin-offshore-sand-mining-along-kerala-coast-has-state-government-environmentalists-up-in-arms
13.053347,77.5980418,1,DownToEarth,Kerala coast,,Kerala,https://www.downtoearth.org.in/mining/why-centres-decision-to-begin-offshore-sand-mining-along-kerala-coast-has-state-government-environmentalists-up-in-arms
26.7757898,78.5048044,1,GoogleNews,National Chambal,Chambal,,https://news.google.com/rss/articles/CBMibEFVX3lxTE1vWnBIVk11ZENSRHVyZVJ1UUlfckZ3X2pzUEpjZGJOZHBMUEstbVBYcjZpNkVMNEFrU2ZXRTg4OWdURnV3SU1YMHdVRzQ2YmluQmlxVE8waFBtaHNuMzZ0X0pVd1NJQU1KNU15NA?oc=5
28.5926583,77.2705541,1,GoogleNews,Yamuna,Yamuna,Delhi,https://news.google.com/rss/articles/CBMi0AFBVV95cUxQMW1ubFdoMloxZDlmLWI1ZUxkblN6NEtaN1VxQTc5OWVhU2FzTFVxSGxXXzRVbGFIdm05akVZcWhLQ3hETWNhQVhEaEI1VkpsbHRWT0Qwb1dQLXFXSUZvSjBCTTFxb2lEN1VHVjZEVWtIZ0VpamlSUUdPS2NCS3lXQXZDSll0eVJPblRtaVBCYTdGaDEwZU4zbWVwNkJTMDVlOWRkRUVobTByblhDdmVHQVB5RkFodHdIdFJIcEh4MXJMYTJvdTAzelBsNDJfVzdw0gHYAUFVX3lxTE11ZHB6eXRrbS1qbEo4ZU5qa1A3MW5fYVFiWlozbWhpRjBPVFlsQlFLNTZ1MHY2anhmN2Nva0JXM3ZFZ3d3ZUdEV0R2SUM1Y2pKNmR0ejRsblZWRkUzTDhjRkx1ZS1zWkQzRkg3bVVpckRXUFNpYldKeVZDOVJCVFlrMjFiQ2xuVjVaR1BfSnZkdUQtakpxUktVbGpodnZxcTVReUsza0R0TUpSRndVNGlzdFE2clVRUTNxYXJpUjRKRk1mRDlVX1pJaFVyVzRodzhrY2tQRHBiRA?oc=5
29.4496979,77.7429333,1,GoogleNews,Muzaffarnagar,,,https://news.google.com/rss/articles/CBMiyAFBVV95cUxPaUhXcGEtYi1RLWZMaHdhT0M5OE1vTDdibDA5MXNqSlF3TXYwRFIxVy01Rk5qNDJGWkpjUHdPRlRSRVl3c0dFOWVpS2s0STNSb0ZVQU9EMjRYbUlkS2RCcm1OM1F4bWVuWUJuMlY3ZGdIeHFWcXFuWi12cl9GNUN2QU14QzFUVzlCTWV4TDZidmNyTTZxUFVPTDRDWDFCQ2lTbHRRUXU1dS12eXJxb0tuM1c2VHFha1ItLWlKckk5cGl6Y0pMRmhBedIB1gFBVV95cUxOalFTajJYNU1WRjZHRXNObGJFNnNuZDdLOHU3R3BZRkxFdGhqaHBTVnRFNXhLaTFNM3FGZkFLLVB4RXBRc0d0dmZLWjByWWxQSFVDQVlhUzM2UG02ZlhJb2pBUnF6S0MzeXE1TU8tTWNNUG1XVVF4YnVIeWNhR3Y4cFlRWjFKTWJRdE5IbVBkSzlmSVQ1QVl4UEFzYjNTNEhYRmE3bnBacXd2Vy1qd1lqV25ZU1JOUjl1emxyMk15anJkM2lOeDViTE5oOWJMaXdSRXBXRUFn?oc=5
20.8351494,85.6022305,1,GoogleNews,Dhenkanal,,,https://news.google.com/rss/articles/CBMizgFBVV95cUxOeG9keDdkVFU0Qm1QTHljdlhsTlFway0zcHNzeWNLaE1aVDcwLUFQV1AwVnNPbFV3OTJxdXF6VkJEZ2V3V3hqVUlKWFFDMzVTLThhU1d3UlhDT2FyYXB3b1lCRXdCV3ViYTF4bEtvNFZaSUd2b09CbVVicFBYWDRSclg4WTFkczVCcDU0SXBSeXRTbGQ0bXYyTWxXS0RfSEZJWXp4OWFUbkZ2Y0NKVHdLd2lsb1NGdXFIcVhheFBrZ1JDWExzNjZLRWc3TWpIZ9IB0wFBVV95cUxOY1FFWXdlNFhhR3V3M2FBMV9ZdkFpQXc0TE0zTXJKQ2g1TktrcF9sXzEwUDVjaEVDTmZaRWFZUmZ0ZkQ1ZmpDRjB0UGF1a2p3TXZIc0I5b2hLLThmNTg0cy1TYUdXdDE3dVZtNWQ5NG5jclNFX2pEZlRPN3JMQ3ZRbzVicUtEenQzeEhkT2piem9jOUFjdk5pM1RtbjJjWWpISkFSeE83ZkR1bDRJejlVaTJ4cnYxbERZT1ZuUWV1dkVibWZtMVBoN1dPWkNmTGdyVmNj?oc=5
16.7657111,77.1372381,1,GoogleNews,in Yadgir,,,https://news.google.com/rss/articles/CBMivwFBVV95cUxNUFJTUDU2UlZkLVZqYmttTWVZZ2RiWmNFNl9udEtReXhqc1lfYVRtYU1SeTJSMFZ2c3A0UUhZV2JDcUhkQzFBS29LV21uaHJkNTZ4aVV4QktEZS0zUldCaUF1TUJsSGdhQUF5Tnp5NmwtcDhZdGVZRTNHTjU4SnR5YjRBaHRQMWw2MzZZZXJ1SGZrenlreVEzc2xyaFhvS1EwVld4U3hpRGlEVUVSNWZ2aWUyMkNyd2N5ZXlaakZSa9IBxAFBVV95cUxQN2ZkN1dQN3IyRW5vcEMtc2VyWmd4a3dnVkpMTXJidEY4bDdiUDZGOVlsTF9mMldLelZURFVTQlhpYUdXQTlpWmlUNzFPa2lTUExVelhPUVJoNllPSnd6SUtuZ2NuMTU3NlFpWkxvWlpNQmpVZ0lHRkRYTEg4X040OVBjNkZJUDRNRUthYW8zWVcxVGJXV1JFSG13QURSXzVZTmowdTdiVHUxY25ia1dkODl4dVQzWkp2YURTZGZIaHBpUjZQ?oc=5
28.5706333,77.3272147,1,GoogleNews,Noida,,,https://news.google.com/rss/articles/CBMi2AFBVV95cUxOYUhFWGNLRDBaR0JTaUhzZk5jX080dFZneC15b3JNUVVJV081NDN5cWh3blNWWkljeFZyVjQ0VE45UWQ1QmI0VVVHdy1yNVR5QUJ4TFlQZ2w1Y2lJNXU2U2RBWmc0YTZfSEpEV1B3dDdGcWl5RURUY3lUT05uQ1BMM0Z5N1NQTVItR0JkSlZ0QWZsWmcxTTQwcDNoX0VFVnIySHVHdjZZS0hBTV9mdTVIRWJnMkVlR2l3MDRaMjZWX3FUS1JnTWE3RFBWSE0zVXpNb3pmeXdCUm7SAd4BQVVfeXFMTUlMeGpaSklLZWZiUUlZUm1IYzYyT0ZmeXBDc2hERWxCUHRNajI3aXpOTjNSdVl1UGFVZTdfbFRXbXNWaHc3eXNqdkE1NG9HSVZtcTF5MWxIeEZXS04tWWZ1YnEyV1ZOWEpFVXgwbHdYeC1ScWI4SEhqOVpISGQ2Y1l4T1gxdm5aS3FabUtjQWNGd1FXNl9hcDBKc21UN2EybERUY25tWEdVcHl3MDdqQ1ZrMlcwc20tLWp5d3kyYWRzcVBHYWhvWkFOTTNleHgxM0hEQUFFdkZaVTFpak1B?oc=5
22.3511148,78.6677428,1,GoogleNews,India in,,,https://news.google.com/rss/articles/CBMickFVX3lxTE5yeTlkNUxCcnhnUTFYRXZSVkRwb1Q3elRJdWNkc2hUc29ORE9nbnZnMFhYY3hMTHVYc3J5eXBwbndCZ1ZMbEtRd3JYQ2Q3VHYtUnRwTW5VcF9VenFaU0dvQ294cHBlME1mNV9LQ3NEOWs4UQ?oc=5
30.9077289,77.1155347,1,GoogleNews,Himalayan,,,https://news.google.com/rss/articles/CBMi2wFBVV95cUxOeTFBa1RJOW50c1Vydk9kUVcxWGRCbU0yanRhUkkwS1o3bnRTaUNfYkZBN21uWkxmb2Y4c0N5cVg0d2V3N3U0eEdjQnJrWDdkRXpnalRQWG9vbTBGWjBSd09MWkZxS1d0Z2ZfdTZkYnk3TVJRdnlTc2FOTkR3VUJxMVdubFFUZDh0YjZoMFhFRUg4RzM4XzByNVd6UloyY3RRdnFCMGxjVlQydmdBczhQWGlzNTl3NE1LRDI0OXFVRDRSTDczOFVyaEF6dHhtczNPbm5sWlVaNTJxSGfSAeABQVVfeXFMT1FKQ3F2VUIzWHVzWWxVNFlGQzh2WlJYUmhwS1Q2NmM3c3lybHh6Mkk4clBhUm82T1VicGtLVGR0cXhXUHUyZ2UtTmFScG14UHVLSGxDRGNaY3Q5Z3VSMG9TSTNITmdtaENwdUxrUmw5ZE9uWk1fa3FSZkZQYWs3di1Mb1RiWDRVUjhQZ2kydnlzNGNNOUdJSThKUVBGWW9seEt6LXQwWFhsX2YwcmhqWGVFbGIxeU9HcmhwdDdQSlVKV3ZmbUIzWWFFTWlHcnRSR1BpOWd2dGo2ZGU4dll2bXU?oc=5
22.4346826,87.2648403,1,GoogleNews,used in,,,https://news.google.com/rss/articles/CBMiywFBVV95cUxOaklqQXpfZ2tKSGd0RE5xZGVxSURXaU0wekRJb01mSU9ndGlUd0lwd29FTWRkbmpVT3RWMFVJNnZ5NjROTE9tRF9KSWtEZ2s4NGhuVzk5MWZuT2dqcXI2dDNaUlB1MXV2cUwyQkhMempUUk01dzBmVzdIQm4ybmNmZGVyOWpjN3NITHdPT09yYUlTRV9GbXZJYzhWWkh6YUZaV3NadkRkZm9tQkRjVWw3b2Zfck0wOWVZTUFoRk85dldGekYxalJ1M0huWdIB0AFBVV95cUxQN1gtYkNnN1M5bVhlUHp0OGRpV2NLS1VPcHM3YkltN2gwY3dTZlRIRER3SGtkd0NHTGk3cmtzQzJWeldPSUlKWXhqUUhnS0VxbUtBb1Rac2d6RXVVSWtuZEJBb3AzZFVZYVdhRE5yNGp4SEVkbTNlZEc0Smk4M0ZiMmZQVlJlZW43SmZnb3EzZ21LYmYtMUdoWjNoVkN4Q3VnWDVadDF6UTdlQXNJaUlzckFZZTJPMXdUb2R6eERBVllZYUotb0lyc3VkblJTbXlZ?oc=5
